,dataset,training_data_size(used),alignment_length,prediction_wt,prediction,prediction_avg,effect_prediction_epistasis,effect_prediction_independent,ratio
1,PABP_doubles,60000,82,0.546,0.556,0.547,0.52,0.489,731.7073170731708
2,UBE4B,9000,76,0.506,0.517,0.506,0.537,0.501,118.42105263157895
3,PABP_singles,60000,82,0.639,0.633,0.639,0.589,0.423,731.7073170731708
4,BG_STR_SQ,28000,441,0.622,0.614,0.622,0.634,0.542,63.492063492063494
5,MTH3,14000,304,0.601,0.604,0.601,0.655,0.433,46.05263157894737
6,BLAC_cell2015,8400,253,0.605,0.612,0.605,0.698,0.599,33.201581027667984