,index,dataset,training_data_size(used),alignment_length,prediction_wt,prediction,prediction_avg,effect_prediction_epistasis,effect_prediction_independent,ratio,diff_eps,diff_ind
0,2,HG_FLU,39400,545,0.427,0.387,0.427,0.495,0.476,72.29357798165138,-0.068,-0.04899999999999999
1,1,PABP_doubles,60000,82,0.546,0.556,0.547,0.52,0.489,731.7073170731708,0.06099999999999994,0.09199999999999997
2,5,UBE4B,9000,76,0.506,0.517,0.506,0.537,0.501,118.42105263157895,-0.031000000000000028,0.0050000000000000044
3,0,PABP_singles,60000,82,0.639,0.633,0.639,0.589,0.423,731.7073170731708,0.027000000000000024,0.194
4,6,BG_STR_SQ,28000,441,0.622,0.614,0.622,0.634,0.542,63.492063492063494,-0.01200000000000001,0.07999999999999996
5,4,MTH3,14000,304,0.601,0.604,0.601,0.655,0.433,46.05263157894737,-0.05400000000000005,0.16799999999999998
6,3,BLAC_cell2015,8400,253,0.605,0.612,0.605,0.698,0.599,33.201581027667984,-0.09299999999999997,0.006000000000000005